50531964,FAMILY OFFENSES,DESERTIONOFCHILD,PARK,ACTION,-122.444502333693,37.7702619702403,12,6,133
170964362,ARSON,ARSONOFANINHABITEDDWELLING,PARK,NONE,-122.44630712077466,37.77533608102673,2,3,332
160845590,FRAUD,FORGERY CREDITCARD,PARK,NONE,-122.45544700231059,37.75131364763137,0,7,275
100468817,FRAUD,FALSEIDTOPEACEOFFICER,PARK,NONE,-122.445652525154,37.7759612670837,14,5,140
50139756,FRAUD,FALSEIDTOPEACEOFFICER,PARK,ACTION,-122.438367748705,37.7777948083813,22,6,35
140863647,FRAUD,FALSEREPORTOFEMERGENCY,PARK,ACTION,-122.435637436721,37.7681694346175,20,1,285
61230620,FRAUD,FALSEPRETENSES GRANDTHEFT,PARK,NONE,-122.444691060862,37.7711937180167,8,6,244
60881856,FRAUD,TRICKANDDEVICE GRANDTHEFT,PARK,NONE,-122.449122960735,37.7697840925361,13,4,200
70137683,FRAUD,FRAUDULENTCREDITAPPLICATION,PARK,ACTION,-122.432848510377,37.7674402470936,12,2,8
180038377,FRAUD,FRAUDULENTCREDITAPPLICATION,PARK,NONE,-122.43521202579808,37.77103144628669,11,4,10
81286421,FRAUD,FRAUDULENTUSEOFAUTOMATEDTELLERCARD,PARK,ACTION,-122.450433694684,37.7709895197391,12,7,313
130766738,FRAUD,FRAUDULENTUSEOFAUTOMATEDTELLERCARD,PARK,NONE,-122.443655564476,37.7525123536541,1,1,253
60762808,ASSAULT,ASSAULT,PARK,ACTION,-122.449944521424,37.7695680602698,11,4,200
90855075,ASSAULT,STALKING,PARK,ACTION,-122.460830150553,37.76343703896,7,6,233
140588356,ASSAULT,FALSEIMPRISONMENT,PARK,NONE,-122.440053582454,37.7780666635823,22,2,195
120684485,ASSAULT,CHILDABUSEPHYSICAL,PARK,ACTION,-122.437885533513,37.781726378817,20,2,240
150830288,ASSAULT,THREATENINGPHONECALLS,PARK,NONE,-122.436274979481,37.7800247331065,21,2,264
90905147,ASSAULT,WILLFULCRUELTYTOCHILD,PARK,ACTION,-122.459914430378,37.7656972330983,22,5,246
120890541,ASSAULT,ASSAULT AGGRAVATED WGUN,PARK,NONE,-122.439088669509,37.7634139962541,12,7,308
41319620,ASSAULT,BATTERYOFAPOLICEOFFICER,PARK,ACTION,-122.443761739923,37.7527473420287,21,5,323
50041026,ASSAULT,BATTERYOFAPOLICEOFFICER,PARK,ACTION,-122.449101011701,37.7696756290578,21,3,11
60918766,ASSAULT,BATTERYOFAPOLICEOFFICER,PARK,ACTION,-122.46102569328,37.7652071753012,23,2,240
31514197,ASSAULT,AGGRAVATEDASSAULTWITHAGUN,PARK,ACTION,-122.438928631172,37.7805874490178,23,4,365
51064069,ASSAULT,AGGRAVATEDASSAULTWITHAKNIFE,PARK,NONE,-122.453534560634,37.7691662978103,16,4,264
140625209,ASSAULT,AGGRAVATEDASSAULTWITHAKNIFE,PARK,ACTION,-122.453563238036,37.7696403896003,8,2,209
170268766,ASSAULT,THREATORFORCETORESISTEXECUTIVEOFFICER,PARK,ACTION,-122.45398162236509,37.771427859591306,5,1,92
130748059,ASSAULT,ASSAULTONAPOLICEOFFICERWITHADEADLYWEAPON,PARK,ACTION,-122.443194351845,37.7665428336293,5,7,250
130051824,ASSAULT,BATTERY FORMERSPOUSEORDATINGRELATIONSHIP,PARK,ACTION,-122.434769120192,37.7725714571495,3,7,19
140267118,ASSAULT,BATTERY FORMERSPOUSEORDATINGRELATIONSHIP,PARK,NONE,-122.447314537469,37.7718760580638,23,1,89
120255713,ASSAULT,BATTERY FORMERSPOUSEORDATINGRELATIONSHIP,PARK,NONE,-122.43644305449,37.7808493247624,12,3,87
140645940,ASSAULT,BATTERY FORMERSPOUSEORDATINGRELATIONSHIP,PARK,NONE,-122.436104771862,37.7747414797848,13,1,215
120767122,ASSAULT,BATTERY FORMERSPOUSEORDATINGRELATIONSHIP,PARK,ACTION,-122.445069215681,37.7628549658127,1,2,268
80953849,ASSAULT,AGGRAVATEDASSAULTOFPOLICEOFFICER BODILYFORCE,PARK,ACTION,-122.44350785839,37.7780892579027,23,2,252
150690468,ASSAULT,SHOOTINGINTOINHABITEDDWELLINGOROCCUPIEDVEHICLE,PARK,NONE,-122.44360648696,37.7743063909083,15,7,220
150620114,ASSAULT,ELDERADULTORDEPENDENTABUSENOTEMBEZZLEMENTORTHEFT,PARK,NONE,-122.457507583541,37.7711332354432,19,5,197
100601261,ASSAULT,ELDERADULTORDEPENDENTABUSENOTEMBEZZLEMENTORTHEFT,PARK,NONE,-122.440483106998,37.7755529016833,22,1,171
170779161,ROBBERY,CARJACKINGWITHBODILYFORCE,PARK,NONE,-122.4461656179778,37.77016118133929,21,7,266
90573619,ROBBERY,ROBBERYONTHESTREETWITHAGUN,PARK,NONE,-122.44553734204,37.7711417554207,22,4,154
150664156,ROBBERY,ROBBERYONTHESTREETWITHAKNIFE,PARK,ACTION,-122.437631568454,37.7735923085037,21,5,211
60252809,ROBBERY,ROBBERYONTHESTREETWITHAKNIFE,PARK,NONE,-122.433362682614,37.7662576774281,11,3,66
120187605,ROBBERY,ROBBERYOFARESIDENCEWITHAKNIFE,PARK,NONE,-122.43631291416,37.7657304694009,17,3,66
170719991,ROBBERY,ATTEMPTEDROBBERYWITHBODILYFORCE,PARK,NONE,-122.4401039946045,37.77368496043064,19,7,245
110689655,ROBBERY,ROBBERY VEHICLEFORHIRE ATT WGUN,PARK,ACTION,-122.43845403394,37.782559304202,0,1,240
100529209,ROBBERY,ATTEMPTEDROBBERYWITHADEADLYWEAPON,PARK,ACTION,-122.436507619977,37.7770672269836,22,2,158
90095958,ROBBERY,ATTEMPTEDROBBERYONTHESTREETWITHAGUN,PARK,NONE,-122.433256948064,37.7658609302161,22,2,26
130320152,ROBBERY,ROBBERYOFACHAINSTOREWITHBODILYFORCE,PARK,NONE,-122.445652525154,37.7759612670837,16,6,109
160941386,ROBBERY,ROBBERYOFACHAINSTOREWITHBODILYFORCE,PARK,ACTION,-122.44661297883863,37.782245822391744,19,6,323
31187932,ROBBERY,ROBBERYONTHESTREETWITHADANGEROUSWEAPON,PARK,NONE,-122.435943395901,37.7742746298662,23,4,281
70526694,RUNAWAY,RUNAWAY,PARK,NONE,-122.441393701114,37.7717273141771,7,5,144
60682494,RUNAWAY,RUNAWAY,PARK,ACTION,-122.444994681535,37.7774397591652,13,3,178
31268344,RUNAWAY,RUNAWAY,PARK,ACTION,-122.441393701114,37.7717273141771,15,3,301
140820926,RUNAWAY,RUNAWAY,PARK,ACTION,-122.441393701114,37.7717273141771,10,2,272
60750988,RUNAWAY,RUNAWAY,PARK,ACTION,-122.444994681535,37.7774397591652,1,7,196
31015515,RUNAWAY,RUNAWAY,PARK,NONE,-122.441393701114,37.7717273141771,18,4,239
130988506,RUNAWAY,RUNAWAY,PARK,ACTION,-122.441393701114,37.7717273141771,18,5,325
60813564,RUNAWAY,RUNAWAY,PARK,ACTION,-122.441393701114,37.7717273141771,14,3,213
110959925,RUNAWAY,RUNAWAY,PARK,NONE,-122.444994681535,37.7774397591652,7,3,333
160300748,RUNAWAY,RUNAWAY,PARK,NONE,-122.45090314460423,37.748172259255355,11,2,102
30072922,RUNAWAY,RUNAWAY,PARK,NONE,-122.441393701114,37.7717273141771,17,7,18
40521696,RUNAWAY,RUNAWAY,PARK,ACTION,-122.441393701114,37.7717273141771,12,5,127
160060908,RUNAWAY,RUNAWAY,PARK,ACTION,-122.44443220795378,37.77463542236274,19,5,21
60723640,RUNAWAY,RUNAWAY,PARK,ACTION,-122.444994681535,37.7774397591652,12,7,189
40551784,SUICIDE,SUICIDE,PARK,NONE,-122.450118405157,37.7662469515566,21,5,134
80990540,SUICIDE,ATTEMPTEDSUICIDE,PARK,NONE,-122.444983490294,37.7683285523508,5,5,262
50398526,BURGLARY,BURGLARY FORCIBLEENTRY,PARK,NONE,-122.46331160715,37.7592202975893,22,1,100
140572729,BURGLARY,BURGLARY FORCIBLEENTRY,PARK,NONE,-122.43782276166,37.7745216483936,12,1,187
61360142,BURGLARY,BURGLARY FORCIBLEENTRY,PARK,NONE,-122.435637436721,37.7681694346175,15,7,357
30265547,BURGLARY,BURGLARY UNLAWFULENTRY,PARK,NONE,-122.446646826433,37.7576070616285,14,7,60
150743158,BURGLARY,BURGLARY UNLAWFULENTRY,PARK,NONE,-122.462489351639,37.7669591731812,15,2,236
151126761,BURGLARY,BURGLARY UNLAWFULENTRY,PARK,NONE,-122.434865853498,37.7772809749441,16,5,365
150364732,BURGLARY,BURGLARY VEHICLEARRESTMADE,PARK,ACTION,-122.448469947604,37.7756033970536,1,2,117
60930215,BURGLARY,BURGLARYOFFLAT FORCIBLEENTRY,PARK,NONE,-122.447989685391,37.7689712667852,8,5,243
110099634,BURGLARY,BURGLARYOFFLAT FORCIBLEENTRY,PARK,ACTION,-122.445502927,37.7691775322685,7,4,33
140821883,BURGLARY,BURGLARYOFFLAT UNLAWFULENTRY,PARK,NONE,-122.438216208309,37.7680697954105,13,5,268
150663700,BURGLARY,BURGLARYOFFLAT UNLAWFULENTRY,PARK,NONE,-122.450537364142,37.7752262707149,7,5,211
110578995,BURGLARY,BURGLARYOFFLAT UNLAWFULENTRY,PARK,NONE,-122.439683839524,37.7761964091629,8,5,181
30933330,BURGLARY,BURGLARYOFFLAT UNLAWFULENTRY,PARK,NONE,-122.443800919687,37.7656751586662,16,3,217
81204586,BURGLARY,BURGLARYOFFLAT UNLAWFULENTRY,PARK,NONE,-122.43396487661,37.7706464060959,8,2,315
50198310,BURGLARY,BURGLARYOFSTORE FORCIBLEENTRY,PARK,NONE,-122.438448613716,37.773898109311,5,1,51
90038613,BURGLARY,BURGLARYOFSTORE FORCIBLEENTRY,PARK,NONE,-122.447783070559,37.7699549503465,19,1,11
170098256,BURGLARY,BURGLARYOFSTORE FORCIBLEENTRY,PARK,NONE,-122.43455862293594,37.77152764731106,6,7,35
100941879,BURGLARY,BURGLARYOFSTORE FORCIBLEENTRY,PARK,NONE,-122.438949637544,37.7622040248253,3,1,283
100984998,BURGLARY,BURGLARYOFSTORE FORCIBLEENTRY,PARK,NONE,-122.4425263249,37.7773210998476,23,6,295
31158052,BURGLARY,BURGLARYOFSTORE UNLAWFULENTRY,PARK,ACTION,-122.446612978839,37.7822458223917,14,4,274
50334166,BURGLARY,BURGLARYOFSTORE UNLAWFULENTRY,PARK,NONE,-122.446143672039,37.7700527182372,12,5,83
31065974,BURGLARY,BURGLARY ATTEMPTEDFORCIBLEENTRY,PARK,ACTION,-122.439329634936,37.7819788533568,16,3,252
70490099,BURGLARY,BURGLARY HOTPROWL FORCIBLEENTRY,PARK,NONE,-122.43974949509,37.7719369591073,0,2,134
150540471,BURGLARY,BURGLARY HOTPROWL UNLAWFULENTRY,PARK,NONE,-122.436043096787,37.7704977995678,1,1,172
151031176,BURGLARY,BURGLARY HOTPROWL UNLAWFULENTRY,PARK,NONE,-122.442678874433,37.7706061352855,23,5,204
150617757,BURGLARY,BURGLARY HOTPROWL UNLAWFULENTRY,PARK,NONE,-122.448425806281,37.7646074544708,23,4,196
170800794,BURGLARY,BURGLARY HOTPROWL UNLAWFULENTRY,PARK,ACTION,-122.44661297883863,37.782245822391744,10,1,274
60835176,BURGLARY,BURGLARY HOTPROWL UNLAWFULENTRY,PARK,NONE,-122.445184738488,37.7783793366774,5,2,219
140035476,BURGLARY,BURGLARY HOTPROWL UNLAWFULENTRY,PARK,NONE,-122.446646584361,37.7586795715863,13,2,13
60206759,BURGLARY,BURGLARYOFRESIDENCE FORCIBLEENTRY,PARK,NONE,-122.442206804903,37.7653547015594,20,4,53
40245335,BURGLARY,BURGLARYOFRESIDENCE FORCIBLEENTRY,PARK,NONE,-122.461414342148,37.7556066306132,9,2,61
150129940,BURGLARY,BURGLARYOFRESIDENCE FORCIBLEENTRY,PARK,NONE,-122.451414622585,37.7477052709934,16,4,42
41025811,BURGLARY,BURGLARYOFRESIDENCE FORCIBLEENTRY,PARK,NONE,-122.433711096406,37.7712220443581,0,4,252
70445903,BURGLARY,BURGLARYOFRESIDENCE FORCIBLEENTRY,PARK,NONE,-122.452536481398,37.7511704286417,8,3,121
150309744,BURGLARY,BURGLARYOFRESIDENCE FORCIBLEENTRY,PARK,NONE,-122.448901937009,37.7659903591145,9,5,99
40976825,BURGLARY,BURGLARYOFRESIDENCE FORCIBLEENTRY,PARK,NONE,-122.443311182346,37.753327213597,13,5,239
160287146,BURGLARY,BURGLARYOFRESIDENCE FORCIBLEENTRY,PARK,NONE,-122.45679876209633,37.75674348471253,17,4,97
71089100,BURGLARY,BURGLARYOFRESIDENCE UNLAWFULENTRY,PARK,NONE,-122.454996890694,37.7641615127899,7,3,296
30143711,BURGLARY,BURGLARYOFRESIDENCE UNLAWFULENTRY,PARK,NONE,-122.440710810814,37.7722462316389,10,3,28
71298674,BURGLARY,BURGLARYOFRESIDENCE UNLAWFULENTRY,PARK,NONE,-122.459520794528,37.7460750315145,1,7,349
61186562,BURGLARY,BURGLARYOFRESIDENCE UNLAWFULENTRY,PARK,NONE,-122.4472962354,37.7618081854979,8,2,310
61285023,BURGLARY,BURGLARYOFRESIDENCE UNLAWFULENTRY,PARK,NONE,-122.438328082289,37.7797665517286,14,1,337
130047732,BURGLARY,BURGLARYOFRESIDENCE UNLAWFULENTRY,PARK,ACTION,-122.440169821236,37.7614994935301,18,5,17
121052425,BURGLARY,BURGLARYOFRESIDENCE UNLAWFULENTRY,PARK,NONE,-122.441464323255,37.7759700742194,18,4,361
100503695,BURGLARY,BURGLARYOFRESIDENCE UNLAWFULENTRY,PARK,NONE,-122.443961030021,37.7760650711598,21,1,150
80771124,BURGLARY,BURGLARYOFRESIDENCE UNLAWFULENTRY,PARK,NONE,-122.436274979481,37.7800247331065,13,3,204
51078894,BURGLARY,BURGLARYOFRESIDENCE UNLAWFULENTRY,PARK,NONE,-122.439538310871,37.7708957222898,16,5,258
51399123,BURGLARY,BURGLARYOFRESIDENCE UNLAWFULENTRY,PARK,ACTION,-122.443870666134,37.767235991034,8,3,347
70615877,BURGLARY,BURGLARYOFRESIDENCE UNLAWFULENTRY,PARK,NONE,-122.43974949509,37.7719369591073,4,6,166
40871247,BURGLARY,BURGLARYOFRESIDENCE UNLAWFULENTRY,PARK,ACTION,-122.449592334419,37.7705688587387,19,7,213
170852591,BURGLARY,BURGLARYOFRESIDENCE UNLAWFULENTRY,PARK,NONE,-122.43731471782367,37.7681233353288,5,4,291
30791956,BURGLARY,BURGLARYOFFLAT ATTEMPTEDFORCIBLEENTRY,PARK,NONE,-122.441327675397,37.7759874948355,2,3,182
51249067,BURGLARY,BURGLARYOFAPARTMENTHOUSE FORCIBLEENTRY,PARK,NONE,-122.461414342148,37.7556066306132,11,6,308
60374384,BURGLARY,BURGLARYOFAPARTMENTHOUSE FORCIBLEENTRY,PARK,NONE,-122.444988946157,37.7517781008065,8,6,97
61265003,BURGLARY,BURGLARYOFAPARTMENTHOUSE FORCIBLEENTRY,PARK,NONE,-122.436614181331,37.773291806903,12,4,326
80058063,BURGLARY,BURGLARYOFAPARTMENTHOUSE FORCIBLEENTRY,PARK,ACTION,-122.446076834595,37.752606619539,1,5,17
31347841,BURGLARY,BURGLARYOFAPARTMENTHOUSE FORCIBLEENTRY,PARK,NONE,-122.436724100508,37.7784896969129,17,6,318
160422916,BURGLARY,BURGLARYOFSTORE ATTEMPTEDFORCIBLEENTRY,PARK,NONE,-122.43232175488357,37.77096690242542,2,3,145
50030342,BURGLARY,BURGLARY HOTPROWL ATTEMPTEDFORCIBLEENTRY,PARK,NONE,-122.438767711462,37.7791859915924,3,1,9
120551668,BURGLARY,BURGLARYOFAPARTMENTHOUSE ATTFORCIBLEENTRY,PARK,NONE,-122.437284868176,37.7788308416362,9,6,195
150381093,BURGLARY,BURGLARYOFRESIDENCE ATTEMPTEDFORCIBLEENTRY,PARK,NONE,-122.438328082289,37.7797665517286,6,7,122
160526251,BURGLARY,BURGLARY RESIDENCEUNDERCONSTRT FORCIBLEENTRY,PARK,NONE,-122.44790455413506,37.77514211041706,2,4,181
140162217,BURGLARY,BURGLARY RESIDENCEUNDERCONSTRT FORCIBLEENTRY,PARK,NONE,-122.443311182346,37.753327213597,16,6,52
100750266,BURGLARY,BURGLARY RESIDENCEUNDERCONSTRT FORCIBLEENTRY,PARK,NONE,-122.447527568719,37.7572574084078,16,6,225
120382087,BURGLARY,BURGLARY RESIDENCEUNDERCONSTRT FORCIBLEENTRY,PARK,NONE,-122.462131184153,37.7646739520491,16,6,132
160987813,BURGLARY,BURGLARY RESIDENCEUNDERCONSTRT UNLAWFULENTRY,PARK,NONE,-122.44377526529325,37.78143823405832,9,2,340
40772338,BURGLARY,BURGLARY STOREUNDERCONSTRUCTION FORCIBLEENTRY,PARK,NONE,-122.448901937009,37.7659903591145,4,4,189
120228798,BURGLARY,BURGLARY STOREUNDERCONSTRUCTION FORCIBLEENTRY,PARK,NONE,-122.433121252603,37.7707538383927,18,3,80
40277300,BURGLARY,BURGLARY STOREUNDERCONSTRUCTION UNLAWFULENTRY,PARK,NONE,-122.458680189782,37.7481554692332,2,2,68
70378859,WARRANTS,ENROUTETOUSMARSHALL,PARK,ACTION,-122.43644305449,37.7808493247624,18,6,103
110714359,WARRANTS,ENROUTETOADULTAUTHORITY,PARK,ACTION,-122.445277515746,37.7663556154167,23,2,248
30574069,WARRANTS,ENROUTETOADULTAUTHORITY,PARK,ACTION,-122.452706340322,37.7692156705894,14,7,130
110181435,WARRANTS,ENROUTETODEPARTMENTOFCORRECTIONS,PARK,ACTION,-122.448578484966,37.7697977168831,7,5,62
80424533,WARRANTS,ENROUTETODEPARTMENTOFCORRECTIONS,PARK,ACTION,-122.453512911126,37.7686969786551,14,4,114
130212424,WARRANTS,ENROUTETODEPARTMENTOFCORRECTIONS,PARK,ACTION,-122.432176146546,37.7659822789999,3,5,73
51039664,VANDALISM,MALICIOUSMISCHIEF,PARK,ACTION,-122.375512968635,37.730806609582,15,5,258
40568096,VANDALISM,MALICIOUSMISCHIEF,PARK,ACTION,-122.459064260329,37.7469523791789,0,2,335
120837076,VANDALISM,MALICIOUSMISCHIEF GRAFFITI,PARK,NONE,-122.454330105396,37.7681530111159,15,3,17
70851673,VANDALISM,MALICIOUSMISCHIEF GRAFFITI,PARK,NONE,-122.43294024481,37.7718450016424,3,7,230
60575338,VANDALISM,MALICIOUSMISCHIEF GRAFFITI,PARK,NONE,-122.450345075177,37.774298058417,19,6,146
50315489,VANDALISM,MALICIOUSMISCHIEF GRAFFITI,PARK,NONE,-122.440546619481,37.77177889902,15,4,75
80320248,VANDALISM,MALICIOUSMISCHIEF GRAFFITI,PARK,ACTION,-122.45353456066,37.7691662978052,1,5,87
61057935,VANDALISM,MALICIOUSMISCHIEF GRAFFITI,PARK,ACTION,-122.449958075249,37.7658000842584,23,3,276
170737852,VANDALISM,MALICIOUSMISCHIEF GRAFFITI,PARK,NONE,-122.440238436942,37.77899246288249,7,7,252
51413541,VANDALISM,MALICIOUSMISCHIEF GRAFFITI,PARK,NONE,-122.443016710149,37.771408322171,22,5,349
66079730,VANDALISM,MALICIOUSMISCHIEF GRAFFITI,PARK,NONE,-122.445692625153,37.7715938323912,22,7,301
90607876,VANDALISM,MALICIOUSMISCHIEF GRAFFITI,PARK,NONE,-122.450921866698,37.7676456022387,21,6,163
120622231,VANDALISM,MALICIOUSMISCHIEF ADULTSUSPECT,PARK,ACTION,-122.449101011701,37.7696756290578,16,2,219
50449414,VANDALISM,MALICIOUSMISCHIEF TIRESLASHING,PARK,ACTION,-122.4503083982,37.7671882889192,1,7,113
71017719,VANDALISM,MALICIOUSMISCHIEF BREAKINGWINDOWSWITHBBGUN,PARK,NONE,-122.450735845544,37.7626811065632,23,4,276
50340492,KIDNAPPING,CHILDSTEALING,PARK,NONE,-122.448910920253,37.7687425309259,18,1,86
110571739,KIDNAPPING,FALSEIMPRISONMENT,PARK,ACTION,-122.440949589926,37.7741190407726,2,1,198
70040440,KIDNAPPING,KIDNAPPING ADULTVICTIM,PARK,NONE,-122.45353456066,37.7691662978052,19,5,11
50848571,DRUNKENNESS,UNDERINFLUENCEOFALCOHOLINAPUBLICPLACE,PARK,ACTION,-122.450709919118,37.7695262270744,20,6,210
51277654,DRUNKENNESS,UNDERINFLUENCEOFALCOHOLINAPUBLICPLACE,PARK,ACTION,-122.446143672039,37.7700527182372,19,6,315
60326460,DRUNKENNESS,UNDERINFLUENCEOFALCOHOLINAPUBLICPLACE,PARK,ACTION,-122.449614539017,37.7706772890587,16,1,85
60281171,DRUNKENNESS,UNDERINFLUENCEOFALCOHOLINAPUBLICPLACE,PARK,ACTION,-122.452706340322,37.7692156705894,18,3,73
60134627,DRUNKENNESS,UNDERINFLUENCEOFALCOHOLINAPUBLICPLACE,PARK,ACTION,-122.450242113384,37.7700540212914,21,7,35
30063971,DRUNKENNESS,UNDERINFLUENCEOFALCOHOLINAPUBLICPLACE,PARK,ACTION,-122.44857848494,37.7697977168882,14,5,16
40972356,DRUNKENNESS,UNDERINFLUENCEOFALCOHOLINAPUBLICPLACE,PARK,ACTION,-122.450709919118,37.7695262270744,18,4,238
80354429,DRUNKENNESS,UNDERINFLUENCEOFALCOHOLINAPUBLICPLACE,PARK,NONE,-122.437048523435,37.7712678186367,2,7,96
70638283,DRUNKENNESS,UNDERINFLUENCEOFALCOHOLINAPUBLICPLACE,PARK,ACTION,-122.45319019834,37.7677850586334,21,1,175
60315849,LIQUOR LAWS,POSSESSIONOFALCOHOLBYMINOR,PARK,ACTION,-122.446143672039,37.7700527182372,16,5,82
90127749,LIQUOR LAWS,CONSUMINGALCOHOLINPUBLICVIEW,PARK,ACTION,-122.450709919144,37.7695262270693,15,4,35
110543948,LIQUOR LAWS,CONSUMINGALCOHOLINPUBLICVIEW,PARK,ACTION,-122.437048523435,37.7712678186367,20,4,187
60618433,LIQUOR LAWS,LICENSEREQUIREDTOSELLALCOHOL,PARK,ACTION,-122.450452600564,37.7695032629887,16,1,162
120571478,LIQUOR LAWS,MISCELLANEOUSLIQOURLAWVIOLATION,PARK,ACTION,-122.449647662955,37.7696619195846,1,6,202
50834257,WEAPON LAWS,POSSOFLOADEDFIREARM,PARK,ACTION,-122.435426671951,37.7800763782195,13,3,207
130390600,WEAPON LAWS,POSSOFPROHIBITEDWEAPON,PARK,ACTION,-122.446933310975,37.7700061988358,17,1,132
60287646,WEAPON LAWS,CARRYINGACONCEALEDWEAPON,PARK,ACTION,-122.446165617978,37.7701611813393,11,5,75
30605482,WEAPON LAWS,LOITERINGWHILECARRYINGCONCEALEDWEAPON,PARK,ACTION,-122.454965815502,37.7578244540575,6,1,138
30520761,WEAPON LAWS,LOITERINGWHILECARRYINGCONCEALEDWEAPON,PARK,ACTION,-122.442162951392,37.7711045223713,8,1,124
40881600,WEAPON LAWS,POSSOFDEADLYWEAPONWITHINTENTTOASSAULT,PARK,NONE,-122.448910920253,37.7687425309259,12,3,216
41154175,WEAPON LAWS,EXHIBITINGDEADLYWEAPONINATHREATINGMANNER,PARK,NONE,-122.444357743792,37.7780401976403,9,6,282
31091656,WEAPON LAWS,EXHIBITINGDEADLYWEAPONINATHREATINGMANNER,PARK,ACTION,-122.44731296591,37.780619295768,19,2,258
140074383,WEAPON LAWS,FIREARM LOADED INVEHICLE POSSESSIONORUSE,PARK,ACTION,-122.441110854133,37.7745659838451,18,7,25
120953428,WEAPON LAWS,POSSOFFIREARMBYCONVICTEDFELONADDICTALIEN,PARK,ACTION,-122.453376250788,37.7687142722405,13,1,330
160165843,WEAPON LAWS,POSSOFFIREARMBYCONVICTEDFELONADDICTALIEN,PARK,ACTION,-122.44525342862106,37.773986139905595,15,5,56
70659897,EMBEZZLEMENT,EMBEZZLEMENT GRANDTHEFTBYEMPLOYEE,PARK,ACTION,-122.450492384367,37.7696094511519,19,7,181
30342844,NON-CRIMINAL,SHELTER,PARK,NONE,-122.437493921383,37.7798704351211,13,1,82
120269899,NON-CRIMINAL,SHELTER,PARK,ACTION,-122.445652525154,37.7759612670837,19,4,95
30398461,NON-CRIMINAL,SHELTER,PARK,NONE,-122.443597047511,37.7826435280939,22,6,94
50176281,NON-CRIMINAL,FIREREPORT,PARK,NONE,-122.444770160248,37.7494613254037,13,2,45
150442219,NON-CRIMINAL,CASECLOSURE,PARK,NONE,-122.453481345535,37.7730528713382,10,5,141
150496937,NON-CRIMINAL,CASECLOSURE,PARK,NONE,-122.452839772389,37.7745145380854,12,7,157
140353347,NON-CRIMINAL,CASECLOSURE,PARK,ACTION,-122.441393701114,37.7717273141771,21,2,118
100052175,NON-CRIMINAL,TURNEDINGUN,PARK,NONE,-122.44108623557,37.7741016205702,13,6,15
110746675,NON-CRIMINAL,COURTESYREPORT,PARK,NONE,-122.435901090932,37.7781618593837,12,5,1
140906231,NON-CRIMINAL,COURTESYREPORT,PARK,NONE,-122.451823739066,37.7604665979751,21,7,298
70667533,NON-CRIMINAL,TARASOFFREPORT,PARK,NONE,-122.458680189782,37.7481554692332,8,3,184
40217497,NON-CRIMINAL,TARASOFFREPORT,PARK,NONE,-122.458267329165,37.7634158564883,11,1,53
30054475,NON-CRIMINAL,TARASOFFREPORT,PARK,NONE,-122.437423367978,37.7812646292435,16,2,13
140486998,NON-CRIMINAL,LOCATEDPROPERTY,PARK,NONE,-122.436043096787,37.7704977995678,0,5,163
120907710,NON-CRIMINAL,LOCATEDPROPERTY,PARK,NONE,-122.460902352067,37.7598723789869,19,5,313
160903665,NON-CRIMINAL,TRAFFICACCIDENT,PARK,ACTION,-122.45529039466253,37.77092819062687,3,1,311
80999166,NON-CRIMINAL,MISPLACEDVEHICLE,PARK,NONE,-122.458220811697,37.7633123961354,17,1,265
70005331,NON-CRIMINAL,AIDEDCASE DOGBITE,PARK,NONE,-122.442764781005,37.7696601882348,8,2,2
61034262,NON-CRIMINAL,AIDEDCASE DOGBITE,PARK,ACTION,-122.446916939832,37.7653845336286,9,4,270
80591314,NON-CRIMINAL,AIDEDCASE DOGBITE,PARK,NONE,-122.434046062672,37.777329275022,14,5,157
110696462,NON-CRIMINAL,AIDEDCASE DOGBITE,PARK,NONE,-122.440219513694,37.7645174149932,8,1,226
130626916,NON-CRIMINAL,SEARCHWARRANTSERVICE,PARK,NONE,-122.447617194265,37.7825841925678,10,3,211
120280055,NON-CRIMINAL,CIVILSIDEWALKS BOOKING,PARK,ACTION,-122.446933310975,37.7700061988358,20,1,99
130761772,NON-CRIMINAL,CIVILSIDEWALKS WARNING,PARK,NONE,-122.435187699349,37.7626702770872,11,4,254
140593781,NON-CRIMINAL,CIVILSIDEWALKS WARNING,PARK,NONE,-122.449942040795,37.7696796386185,12,5,198
110563532,NON-CRIMINAL,CIVILSIDEWALKS WARNING,PARK,NONE,-122.4453467866,37.7702081959172,9,5,195
150992377,NON-CRIMINAL,CIVILSIDEWALKS WARNING,PARK,NONE,-122.453563238036,37.7696403896003,12,7,318
130971868,NON-CRIMINAL,CIVILSIDEWALKS WARNING,PARK,NONE,-122.452706340322,37.7692156705894,13,7,320
150582495,NON-CRIMINAL,CIVILSIDEWALKS WARNING,PARK,NONE,-122.446143672039,37.7700527182372,16,7,185
170900457,NON-CRIMINAL,CIVILSIDEWALKS WARNING,PARK,NONE,-122.45070991914437,37.76952622706932,9,7,308
140021083,NON-CRIMINAL,CIVILSIDEWALKS WARNING,PARK,NONE,-122.440737118652,37.7727124660172,10,4,8
140401269,NON-CRIMINAL,CIVILSIDEWALKS WARNING,PARK,NONE,-122.448578484966,37.7697977168831,15,3,133
150839826,NON-CRIMINAL,LICENSEPLATE RECOVERED,PARK,NONE,-122.455797073389,37.7746727324633,19,5,267
90407466,NON-CRIMINAL,AIDEDCASE INJUREDPERSON,PARK,NONE,-122.436253005441,37.7799162726094,2,1,109
150944704,NON-CRIMINAL,CIVILSIDEWALKS CITATION,PARK,ACTION,-122.432299835705,37.7708584357504,9,5,302
130892678,NON-CRIMINAL,CIVILSIDEWALKS CITATION,PARK,ACTION,-122.446165617978,37.7701611813393,15,2,294
130792608,NON-CRIMINAL,CIVILSIDEWALKS CITATION,PARK,ACTION,-122.451864552636,37.7693505381781,12,6,263
130989758,NON-CRIMINAL,CIVILSIDEWALKS CITATION,PARK,ACTION,-122.450378709035,37.7700363945073,11,6,326
130342043,NON-CRIMINAL,CIVILSIDEWALKS CITATION,PARK,ACTION,-122.446933310975,37.7700061988358,16,6,116
120914470,NON-CRIMINAL,CIVILSIDEWALKS CITATION,PARK,ACTION,-122.451288061231,37.7693967099165,19,1,316
160353888,NON-CRIMINAL,CIVILSIDEWALKS CITATION,PARK,ACTION,-122.44964766295456,37.76966191958464,15,7,121
130137383,NON-CRIMINAL,CIVILSIDEWALKS CITATION,PARK,NONE,-122.452917923695,37.7702586207477,18,7,47
140046821,NON-CRIMINAL,CIVILSIDEWALKS CITATION,PARK,ACTION,-122.447783070559,37.7699549503465,19,5,16
140736185,NON-CRIMINAL,CIVILSIDEWALKS CITATION,PARK,ACTION,-122.451314447797,37.7695046066162,17,2,244
130418070,NON-CRIMINAL,CIVILSIDEWALKS CITATION,PARK,ACTION,-122.451825556742,37.7732631190824,12,3,141
110540273,NON-CRIMINAL,CIVILSIDEWALKS CITATION,PARK,ACTION,-122.4453467866,37.7702081959172,18,3,186
110310662,NON-CRIMINAL,CIVILSIDEWALKS CITATION,PARK,NONE,-122.452706340322,37.7692156705894,17,7,106
170683675,NON-CRIMINAL,CIVILSIDEWALKS CITATION,PARK,NONE,-122.44550661065246,37.770658327348166,8,3,234
150964520,NON-CRIMINAL,CIVILSIDEWALKS CITATION,PARK,ACTION,-122.449647662955,37.7696619195846,16,4,308
140068950,NON-CRIMINAL,CIVILSIDEWALKS CITATION,PARK,ACTION,-122.439088398996,37.7729208953381,7,6,24
120298848,NON-CRIMINAL,CIVILSIDEWALKS CITATION,PARK,ACTION,-122.451288061231,37.7693967099165,15,1,106
140511006,NON-CRIMINAL,DEATHREPORT CAUSEUNKNOWN,PARK,NONE,-122.443795899939,37.7752430361844,8,6,171
60380585,NON-CRIMINAL,DEATHREPORT CAUSEUNKNOWN,PARK,NONE,-122.446948120506,37.7592538578835,12,4,88
90466478,NON-CRIMINAL,DEATHREPORT CAUSEUNKNOWN,PARK,NONE,-122.435968136819,37.7747589552821,20,2,124
111015063,NON-CRIMINAL,DEATHREPORT CAUSEUNKNOWN,PARK,NONE,-122.439088669509,37.7634139962541,12,2,353
100023154,NON-CRIMINAL,DEATHREPORT CAUSEUNKNOWN,PARK,NONE,-122.455866668168,37.7554372724437,15,5,7
70328359,NON-CRIMINAL,DEATHREPORT NATURALCAUSES,PARK,NONE,-122.451825556742,37.7732631190824,14,6,89
51016076,NON-CRIMINAL,PROPERTYFORIDENTIFICATION,PARK,NONE,-122.4379901763,37.7759248653237,13,6,252
160469811,NON-CRIMINAL,PROPERTYFORIDENTIFICATION,PARK,NONE,-122.45324691821263,37.763386978992926,8,3,61
150697511,NON-CRIMINAL,PROPERTYFORIDENTIFICATION,PARK,NONE,-122.458680189782,37.7481554692332,15,2,222
50247575,NON-CRIMINAL,PROPERTYFORIDENTIFICATION,PARK,NONE,-122.439727413133,37.7718285125495,9,6,63
101013516,NON-CRIMINAL,PROPERTYFORIDENTIFICATION,PARK,ACTION,-122.435187699349,37.7626702770872,0,2,305
80693120,NON-CRIMINAL,PROPERTYFORIDENTIFICATION,PARK,NONE,-122.444845058146,37.7474583760643,12,2,126
140469358,NON-CRIMINAL,PROPERTYFORIDENTIFICATION,PARK,ACTION,-122.453376250788,37.7687142722405,17,5,156
160590745,NON-CRIMINAL,AIDEDCASEPROPERTYFORDESTRUCTION,PARK,NONE,-122.45725877845803,37.76492432322425,12,6,204
130231894,NON-CRIMINAL,AIDEDCASEPROPERTYFORDESTRUCTION,PARK,NONE,-122.438245889694,37.7669145893338,17,4,79
160095660,NON-CRIMINAL,AIDEDCASEPROPERTYFORDESTRUCTION,PARK,NONE,-122.43518946037534,37.77022904681215,9,3,33
120505364,NON-CRIMINAL,STAYAWAYORCOURTORDER NONDVRELATED,PARK,NONE,-122.447783070559,37.7699549503465,9,4,179
120503857,NON-CRIMINAL,STAYAWAYORCOURTORDER NONDVRELATED,PARK,NONE,-122.448578484966,37.7697977168831,18,3,178
140018789,NON-CRIMINAL,STAYAWAYORCOURTORDER NONDVRELATED,PARK,ACTION,-122.453512911126,37.7686969786551,14,3,7
110826255,NON-CRIMINAL,STAYAWAYORCOURTORDER NONDVRELATED,PARK,ACTION,-122.45353456066,37.7691662978052,16,5,286
110711838,NON-CRIMINAL,STAYAWAYORCOURTORDER NONDVRELATED,PARK,NONE,-122.44377401254,37.7751345654971,0,2,248
130323366,DRUG/NARCOTIC,SALEOFMARIJUANA,PARK,NONE,-122.451120911829,37.7685719480035,17,7,110
61117880,DRUG/NARCOTIC,SALEOFMARIJUANA,PARK,ACTION,-122.451864552636,37.7693505381781,18,5,292
120431474,DRUG/NARCOTIC,SALEOFMARIJUANA,PARK,ACTION,-122.449101011701,37.7696756290578,13,5,152
140546031,DRUG/NARCOTIC,SALEOFMARIJUANA,PARK,ACTION,-122.45353456066,37.7691662978052,15,3,182
40482935,DRUG/NARCOTIC,SALEOFMARIJUANA,PARK,ACTION,-122.450522761722,37.7685926184319,18,3,118
70285668,DRUG/NARCOTIC,SALEOFMARIJUANA,PARK,ACTION,-122.451864552636,37.7693505381781,14,2,78
100877321,DRUG/NARCOTIC,SALEOFMARIJUANA,PARK,ACTION,-122.451864552636,37.7693505381781,18,3,264
120490317,DRUG/NARCOTIC,SALEOFMARIJUANA,PARK,ACTION,-122.451864552636,37.7693505381781,13,5,173
150416264,DRUG/NARCOTIC,SALEOFMARIJUANA,PARK,ACTION,-122.449122960735,37.7697840925361,14,4,133
81247514,DRUG/NARCOTIC,SALEOFMARIJUANA,PARK,ACTION,-122.450709919144,37.7695262270693,16,6,326
80746741,DRUG/NARCOTIC,SALEOFMARIJUANA,PARK,ACTION,-122.448578484966,37.7697977168831,16,4,198
31191541,DRUG/NARCOTIC,POSSESSIONOFHEROIN,PARK,ACTION,-122.433419665092,37.7683076620028,17,5,282
31258806,DRUG/NARCOTIC,TRANSPORTATIONOFHEROIN,PARK,ACTION,-122.451487621174,37.7675163302565,13,1,299
50716752,DRUG/NARCOTIC,POSSESSIONOFHALLUCINOGENIC,PARK,ACTION,-122.443038939327,37.7715167486479,10,2,178
80790102,DRUG/NARCOTIC,POSSESSIONOFHEROINFORSALES,PARK,ACTION,-122.435566188652,37.7724156608806,16,1,209
51198323,DRUG/NARCOTIC,POSSESSIONOFCOCAINEFORSALES,PARK,ACTION,-122.447783070559,37.7699549503465,0,2,297
140391870,DRUG/NARCOTIC,POSSESSIONOFMETHAMPHETAMINE,PARK,ACTION,-122.433256948064,37.7658609302161,5,7,130
150552250,DRUG/NARCOTIC,POSSESSIONOFMETHAMPHETAMINE,PARK,ACTION,-122.450492384367,37.7696094511519,6,5,176
150386065,DRUG/NARCOTIC,POSSESSIONOFMETHAMPHETAMINE,PARK,ACTION,-122.438282677734,37.7730799477749,0,2,124
160008146,DRUG/NARCOTIC,POSSESSIONOFMETHAMPHETAMINE,PARK,ACTION,-122.4529745480816,37.774487986723486,17,6,1
140416428,DRUG/NARCOTIC,POSSESSIONOFMETHAMPHETAMINE,PARK,NONE,-122.452728322759,37.7693241293319,18,1,138
60800599,DRUG/NARCOTIC,PLANTINGCULTIVATINGMARIJUANA,PARK,ACTION,-122.436274979481,37.7800247331065,23,6,209
110300011,DRUG/NARCOTIC,PLANTINGCULTIVATINGMARIJUANA,PARK,NONE,-122.454022967345,37.7539420081718,9,4,103
70532447,DRUG/NARCOTIC,POSSESSIONOFMARIJUANAFORSALES,PARK,ACTION,-122.453512911126,37.7686969786551,17,6,145
160139616,DRUG/NARCOTIC,POSSESSIONOFMARIJUANAFORSALES,PARK,ACTION,-122.45337625078784,37.76871427224053,17,3,47
60094695,DRUG/NARCOTIC,POSSESSIONOFMARIJUANAFORSALES,PARK,ACTION,-122.45353456066,37.7691662978052,13,4,25
100128823,DRUG/NARCOTIC,POSSESSIONOFMARIJUANAFORSALES,PARK,ACTION,-122.45512727517,37.7695200227183,12,2,39
71016642,DRUG/NARCOTIC,POSSESSIONOFMARIJUANAFORSALES,PARK,ACTION,-122.457507583541,37.7711332354432,14,4,276
110277971,DRUG/NARCOTIC,POSSESSIONOFMARIJUANAFORSALES,PARK,ACTION,-122.45512727517,37.7695200227183,18,3,95
31047110,DRUG/NARCOTIC,POSSESSIONOFMARIJUANAFORSALES,PARK,NONE,-122.4487241991,37.7746158743767,21,5,247
100261235,DRUG/NARCOTIC,POSSESSIONOFMARIJUANAFORSALES,PARK,ACTION,-122.45353456066,37.7691662978052,13,6,78
91029700,DRUG/NARCOTIC,POSSESSIONOFMARIJUANAFORSALES,PARK,ACTION,-122.434799498453,37.7810578352767,19,2,278
160855602,DRUG/NARCOTIC,POSSESSIONOFMARIJUANAFORSALES,PARK,ACTION,-122.44964766295456,37.76966191958464,16,5,294
80549670,DRUG/NARCOTIC,POSSESSIONOFMARIJUANAFORSALES,PARK,ACTION,-122.449647662955,37.7696619195846,21,1,146
120181588,DRUG/NARCOTIC,POSSESSIONOFMARIJUANAFORSALES,PARK,ACTION,-122.441997877179,37.7706369983974,16,1,64
81216252,DRUG/NARCOTIC,POSSESSIONOFMARIJUANAFORSALES,PARK,ACTION,-122.451288061231,37.7693967099165,16,5,318
60850839,DRUG/NARCOTIC,POSSESSIONOFMARIJUANAFORSALES,PARK,ACTION,-122.453512911126,37.7686969786551,14,6,223
110186322,DRUG/NARCOTIC,POSSESSIONOFMARIJUANAFORSALES,PARK,ACTION,-122.451864552636,37.7693505381781,17,6,63
71172783,DRUG/NARCOTIC,POSSESSIONOFMARIJUANAFORSALES,PARK,ACTION,-122.457507583541,37.7711332354432,14,5,319
100267299,DRUG/NARCOTIC,POSSESSIONOFMARIJUANAFORSALES,PARK,ACTION,-122.457507583541,37.7711332354432,14,1,80
80907272,DRUG/NARCOTIC,POSSESSIONOFMARIJUANAFORSALES,PARK,ACTION,-122.453512911126,37.7686969786551,19,4,240
120978454,DRUG/NARCOTIC,POSSESSIONOFMARIJUANAFORSALES,PARK,ACTION,-122.446355447692,37.7710904987341,13,3,339
51316791,DRUG/NARCOTIC,TRANSPORTATIONOFMETHAMPHETAMINE,PARK,ACTION,-122.436130312797,37.7752055149562,18,2,325
70637047,DRUG/NARCOTIC,POSSESSIONOFHALLUCINOGENICFORSALES,PARK,ACTION,-122.45512727517,37.7695200227183,14,1,175
100178561,DRUG/NARCOTIC,POSSESSIONOFMETHAMPHETAMINEFORSALE,PARK,ACTION,-122.4453467866,37.7702081959172,23,2,53
60496938,DRUG/NARCOTIC,UNDERINFLUENCEOFDRUGSINAPUBLICPLACE,PARK,NONE,-122.458680189782,37.7481554692332,13,4,130
81383033,DRUG/NARCOTIC,CONTROLLEDSUBSTANCEVIOLATION LOITERINGFOR,PARK,NONE,-122.448578484966,37.7697977168831,18,2,364
61106366,LARCENY/THEFT,GRANDTHEFTBICYCLE,PARK,NONE,-122.45319019834,37.7677850586334,19,2,289
150047449,LARCENY/THEFT,GRANDTHEFTBICYCLE,PARK,ACTION,-122.440504989739,37.7756613738742,21,5,15
170752145,LARCENY/THEFT,GRANDTHEFTBICYCLE,PARK,NONE,-122.44778307055877,37.76995495034647,22,3,255
140988875,LARCENY/THEFT,GRANDTHEFTBICYCLE,PARK,NONE,-122.451257962254,37.770468310716,21,6,325
160021308,LARCENY/THEFT,GRANDTHEFTBICYCLE,PARK,NONE,-122.45440306688853,37.77381782947806,16,6,8
91049350,LARCENY/THEFT,GRANDTHEFTBICYCLE,PARK,NONE,-122.43294024481,37.7718450016424,3,7,283
160607594,LARCENY/THEFT,PETTYTHEFTBICYCLE,PARK,NONE,-122.44092387643357,37.77363510654678,9,5,210
30009414,LARCENY/THEFT,PETTYTHEFTBICYCLE,PARK,NONE,-122.437608817141,37.7696263735086,8,5,2
30823888,LARCENY/THEFT,PETTYTHEFTBICYCLE,PARK,NONE,-122.448266122025,37.7679091107584,17,5,191
96031697,LARCENY/THEFT,PETTYTHEFTAUTOSTRIP,PARK,NONE,-122.444148797257,37.7770048241397,2,4,119
40441323,LARCENY/THEFT,PETTYTHEFTWITHPRIOR,PARK,ACTION,-122.446612978839,37.7822458223917,20,7,108
100277072,LARCENY/THEFT,PETTYTHEFTWITHPRIOR,PARK,ACTION,-122.445652525154,37.7759612670837,11,4,83
90027688,LARCENY/THEFT,PETTYTHEFTWITHPRIOR,PARK,ACTION,-122.444755522874,37.7816313255183,17,5,8
51229627,LARCENY/THEFT,PETTYTHEFTWITHPRIOR,PARK,ACTION,-122.446612978839,37.7822458223917,10,2,304
51206926,LARCENY/THEFT,ATTEMPTEDSHOPLIFTING,PARK,NONE,-122.439142054187,37.7810486874604,18,3,298
70021804,LARCENY/THEFT,GRANDTHEFTPURSESNATCH,PARK,NONE,-122.446434498518,37.7610072306466,20,7,6
90985688,LARCENY/THEFT,GRANDTHEFTPURSESNATCH,PARK,NONE,-122.433256948064,37.7658609302161,1,5,267
61166100,LARCENY/THEFT,GRANDTHEFTPURSESNATCH,PARK,NONE,-122.435187699349,37.7626702770872,23,3,304
30866032,LARCENY/THEFT,GRANDTHEFTSHOPLIFTING,PARK,ACTION,-122.446612978839,37.7822458223917,14,2,202
61299949,LARCENY/THEFT,GRANDTHEFTSHOPLIFTING,PARK,ACTION,-122.446612978839,37.7822458223917,13,5,341
166018573,LARCENY/THEFT,GRANDTHEFTFROMLOCKEDAUTO,,NONE,-122.4133519852842,37.70820245849022,23,1,17
130499014,LARCENY/THEFT,PETTYTHEFTFROMUNLOCKEDAUTO,PARK,NONE,-122.455048526095,37.7619153681754,21,1,167
90663107,LARCENY/THEFT,PETTYTHEFTFROMUNLOCKEDAUTO,PARK,NONE,-122.437612766191,37.7740604119579,7,7,178
130384089,LARCENY/THEFT,PETTYTHEFTFROMUNLOCKEDAUTO,PARK,NONE,-122.462489351639,37.7669591731812,5,2,119
130670593,LARCENY/THEFT,PETTYTHEFTFROMUNLOCKEDAUTO,PARK,NONE,-122.454330105396,37.7681530111159,16,3,225
140905625,LARCENY/THEFT,ATTEMPTEDTHEFTFROMABUILDING,PARK,NONE,-122.437337332628,37.7703324728476,4,1,299
60719025,LARCENY/THEFT,ATTEMPTEDTHEFTFROMLOCKEDVEHICLE,PARK,NONE,-122.442259650589,37.7642194454928,13,6,188
150501928,LARCENY/THEFT,ATTEMPTEDTHEFTFROMLOCKEDVEHICLE,PARK,NONE,-122.433475908902,37.7745279756155,22,2,159
160162247,VEHICLE THEFT,STOLENMOTORCYCLE,PARK,NONE,-122.44452819604504,37.778881109148614,16,3,54
150734107,VEHICLE THEFT,STOLENMOTORCYCLE,PARK,NONE,-122.449614539017,37.7706772890587,5,7,234
160838090,VEHICLE THEFT,STOLENMOTORCYCLE,PARK,NONE,-122.45499689069362,37.764161512789855,12,2,284
30255805,VEHICLE THEFT,STOLENMOTORCYCLE,PARK,ACTION,-122.434423281503,37.7791934909101,7,2,62
161050570,VEHICLE THEFT,STOLENMOTORCYCLE,PARK,NONE,-122.45337625078784,37.76871427224053,12,1,353
140151367,VEHICLE THEFT,STOLENMOTORCYCLE,PARK,NONE,-122.435590528188,37.7805435736467,11,6,352
51025334,VEHICLE THEFT,ATTEMPTEDSTOLENVEHICLE,PARK,NONE,-122.453005481565,37.7749711033871,22,1,254
170408229,VEHICLE THEFT,ATTEMPTEDSTOLENVEHICLE,PARK,NONE,-122.44623931795077,37.76390130159105,19,3,136
51155878,VEHICLE THEFT,STOLENANDRECOVEREDVEHICLE,PARK,NONE,-122.443227863137,37.7724520377745,17,6,280
170890698,VEHICLE THEFT,STOLENANDRECOVEREDVEHICLE,PARK,NONE,-122.4478501617142,37.76654817288703,18,2,303
51156616,VEHICLE THEFT,STOLENANDRECOVEREDVEHICLE,PARK,NONE,-122.445277515746,37.7663556154167,9,2,276
150131525,VEHICLE THEFT,STOLENANDRECOVEREDVEHICLE,PARK,NONE,-122.463763255095,37.7659314648911,18,4,42
30178053,VEHICLE THEFT,STOLENANDRECOVEREDVEHICLE,PARK,NONE,-122.460021651216,37.7662347513197,10,4,43
90738493,VEHICLE THEFT,STOLENMISCELLANEOUSVEHICLE,PARK,NONE,-122.444662864671,37.7567845774412,22,7,199
40565412,VEHICLE THEFT,VEHICLE RECOVERED MOTORCYCLE,PARK,NONE,-122.443836928879,37.7713565990318,12,6,135
50314196,VEHICLE THEFT,VEHICLE RECOVERED MOTORCYCLE,PARK,NONE,-122.464134386429,37.7645842668074,19,1,79
50769579,VEHICLE THEFT,VEHICLE RECOVERED OTHERVEHICLE,PARK,NONE,-122.441149781911,37.7802926872833,21,6,189
50969105,VEHICLE THEFT,VEHICLE RECOVERED OTHERVEHICLE,PARK,NONE,-122.445654195374,37.7511854627184,2,2,241
50396075,VEHICLE THEFT,VEHICLE RECOVERED OTHERVEHICLE,PARK,NONE,-122.445156824156,37.7778862584347,6,1,100
41274682,VEHICLE THEFT,VEHICLE RECOVERED OTHERVEHICLE,PARK,NONE,-122.461125417944,37.7656821711069,12,7,311
51236901,VEHICLE THEFT,VEHICLE RECOVERED OTHERVEHICLE,PARK,NONE,-122.443484105338,37.7776270457032,15,3,305
50374184,VEHICLE THEFT,VEHICLE RECOVERED OTHERVEHICLE,PARK,NONE,-122.453516353522,37.7643951638762,19,2,94
130002667,OTHER OFFENSES,SPEEDING,PARK,ACTION,-122.463783615777,37.7585356172569,20,3,1
120088031,OTHER OFFENSES,CONSPIRACY,PARK,ACTION,-122.444711879591,37.7669057931081,1,4,32
40432532,OTHER OFFENSES,CONSPIRACY,PARK,ACTION,-122.446612978839,37.7822458223917,16,5,106
70605709,OTHER OFFENSES,CONSPIRACY,PARK,ACTION,-122.452540312646,37.7683901140691,15,6,166
130107079,OTHER OFFENSES,CONSPIRACY,PARK,ACTION,-122.451825556742,37.7732631190824,17,4,37
120468546,OTHER OFFENSES,CONSPIRACY,PARK,ACTION,-122.453512911126,37.7686969786551,16,5,166
150386485,OTHER OFFENSES,PAROLEVIOLATION,PARK,ACTION,-122.453005481592,37.7749711034094,7,2,124
50498148,OTHER OFFENSES,PAROLEVIOLATION,PARK,ACTION,-122.451288061231,37.7693967099165,21,4,124
101071774,OTHER OFFENSES,PAROLEVIOLATION,PARK,ACTION,-122.434466532315,37.7666484481542,15,5,322
130625441,OTHER OFFENSES,PAROLEVIOLATION,PARK,ACTION,-122.445652525154,37.7759612670837,18,2,210
160707235,OTHER OFFENSES,RECKLESSDRIVING,PARK,ACTION,-122.43581443641058,37.78194066621527,19,4,244
130225740,OTHER OFFENSES,FALSEPERSONATION,PARK,NONE,-122.448414119511,37.7693310131253,7,7,75
149012499,OTHER OFFENSES,FALSEPERSONATION,PARK,NONE,-122.454252426466,37.7724037893378,0,3,231
160062318,OTHER OFFENSES,FALSEPERSONATION,PARK,NONE,-122.462836628687,37.7613691775939,12,6,352
140075416,OTHER OFFENSES,INDECENTEXPOSURE,PARK,ACTION,-122.458220811697,37.7633123961354,4,1,26
140934210,OTHER OFFENSES,INDECENTEXPOSURE,PARK,NONE,-122.43709942832,37.7803522156893,13,3,308
90284355,OTHER OFFENSES,OBSCENEPHONECALLSS,PARK,NONE,-122.443461885566,37.7566119889358,5,4,77
166042077,OTHER OFFENSES,OBSCENEPHONECALLSS,PARK,NONE,-122.433475908902,37.7745279756155,20,4,322
100856927,OTHER OFFENSES,HARASSINGPHONECALLS,PARK,NONE,-122.43861644522,37.7833516158109,13,1,255
30433910,OTHER OFFENSES,HARASSINGPHONECALLS,PARK,NONE,-122.443584639717,37.7741979150087,20,7,102
160330052,OTHER OFFENSES,HARASSINGPHONECALLS,PARK,NONE,-122.45251820177083,37.76828167182998,9,6,113
70414550,OTHER OFFENSES,HARASSINGPHONECALLS,PARK,NONE,-122.453563238036,37.7696403896003,0,3,79
100321839,OTHER OFFENSES,VIOLATIONOFPARKCODE,PARK,ACTION,-122.443194351845,37.7665428336293,7,4,97
170767934,OTHER OFFENSES,VIOLATIONOFPARKCODE,PARK,ACTION,-122.44331194960198,37.77046975485389,8,4,263
50961349,OTHER OFFENSES,DEFRAUDINGTAXIDRIVER,PARK,NONE,-122.458267329165,37.7634158564883,17,6,238
140448421,OTHER OFFENSES,SCHOOL PUBLIC TRESPASS,PARK,NONE,-122.445893581212,37.7801242878056,12,5,149
160951090,OTHER OFFENSES,INCIDENTONSCHOOLGROUNDS,PARK,NONE,-122.43607664974068,37.76724462805141,14,2,326
141047371,OTHER OFFENSES,VIOLATIONOFMUNICIPALCODE,PARK,ACTION,-122.453512911126,37.7686969786551,9,7,347
140188285,OTHER OFFENSES,VIOLATIONOFMUNICIPALCODE,PARK,ACTION,-122.442764781005,37.7696601882348,9,4,64
90467880,OTHER OFFENSES,POSSESSIONOFBURGLARYTOOLS,PARK,ACTION,-122.440737118652,37.7727124660172,10,3,125
101183175,OTHER OFFENSES,POSSESSIONOFBURGLARYTOOLS,PARK,NONE,-122.439088669509,37.7634139962541,8,7,359
81159395,OTHER OFFENSES,POSSESSIONOFBURGLARYTOOLS,PARK,ACTION,-122.446355528163,37.7596293509503,15,4,303
160267615,OTHER OFFENSES,VIOLATIONOFFEDERALSTATUTE,PARK,ACTION,-122.44400036463475,37.77182704623891,6,6,92
50411510,OTHER OFFENSES,MISCELLANEOUSSTATEMISDEMEANOR,PARK,ACTION,-122.434249624241,37.7692002895738,23,4,103
150976456,OTHER OFFENSES,MISCELLANEOUSSTATEMISDEMEANOR,PARK,ACTION,-122.440359655894,37.7708480203633,6,2,313
100188065,OTHER OFFENSES,FAILURETOREGISTERASSEXOFFENDER,PARK,ACTION,-122.447783070559,37.7699549503465,17,5,56
91084124,OTHER OFFENSES,VIOLATIONOFMUNICIPALPOLICECODE,PARK,ACTION,-122.450452600564,37.7695032629887,6,4,294
90627062,OTHER OFFENSES,VIOLATIONOFMUNICIPALPOLICECODE,PARK,ACTION,-122.449969643893,37.7724170455775,1,6,170
80411966,OTHER OFFENSES,INJURYTOTELEGRAPHTELEPHONELINES,PARK,ACTION,-122.438737622757,37.7715411720578,9,1,111
100867980,OTHER OFFENSES,STAYAWAYORDERVIOLATION DVRELATED,PARK,ACTION,-122.437636410273,37.782660646138,23,7,261
140573448,OTHER OFFENSES,STAYAWAYORDERVIOLATION DVRELATED,PARK,NONE,-122.437236101904,37.7803348745141,16,5,191
61285904,OTHER OFFENSES,FALSEEVIDENCEOFVEHICLEREGISTRATION,PARK,ACTION,-122.437591748763,37.7745506356497,22,1,337
80719663,OTHER OFFENSES,FALSEEVIDENCEOFVEHICLEREGISTRATION,PARK,ACTION,-122.45840217758,37.7661076205397,1,5,192
50345696,OTHER OFFENSES,FALSEEVIDENCEOFVEHICLEREGISTRATION,PARK,NONE,-122.446916939832,37.7653845336286,2,3,88
101185284,OTHER OFFENSES,CONTRIBUTINGTOTHEDELINQUENCYOFMINOR,PARK,NONE,-122.439480427224,37.7628492491536,11,1,360
171032637,OTHER OFFENSES,VIOLATIONOFEMERGENCYPROTECTIVEORDER,PARK,ACTION,-122.44527751574566,37.766355615416664,8,6,356
110121798,OTHER OFFENSES,FALSEPERSONATIONANDCHEATCRIMESGENERAL,PARK,ACTION,-122.438637446729,37.7748288206275,0,2,38
170061720,OTHER OFFENSES,FALSEPERSONATIONTORECEIVEMONEYORPROPERTY,PARK,NONE,-122.4530683485962,37.764504838130314,13,3,3
170389475,OTHER OFFENSES,FALSEPERSONATIONTORECEIVEMONEYORPROPERTY,PARK,NONE,-122.45071663512455,37.765758921248114,10,5,89
150957462,OTHER OFFENSES,FALSEPERSONATIONTORECEIVEMONEYORPROPERTY,PARK,NONE,-122.450512321266,37.7520468363694,6,4,280
120799642,OTHER OFFENSES,FALSEPERSONATIONTORECEIVEMONEYORPROPERTY,PARK,NONE,-122.435712397837,37.7772265479422,15,5,264
170814137,OTHER OFFENSES,FALSEPERSONATIONTORECEIVEMONEYORPROPERTY,PARK,NONE,-122.43479949845307,37.7810578352767,12,4,235
120713868,OTHER OFFENSES,FALSEPERSONATIONTORECEIVEMONEYORPROPERTY,PARK,NONE,-122.454877943757,37.757738797187,12,1,239
141032673,OTHER OFFENSES,FALSEPERSONATIONTORECEIVEMONEYORPROPERTY,PARK,NONE,-122.440879521853,37.7775321935218,12,2,328
110867469,OTHER OFFENSES,MONEY PROPERTYORLABOR FRAUDULENTLYOBTAINING,PARK,NONE,-122.435401659232,37.7719664391429,12,5,52
110812414,OTHER OFFENSES,FRAUDULENTGAMEORTRICK OBTAININGMONEYORPROPERTY,PARK,NONE,-122.453709910406,37.7558760338525,12,7,281
150942770,OTHER OFFENSES,FRAUDULENTGAMEORTRICK OBTAININGMONEYORPROPERTY,PARK,NONE,-122.43978515169,37.7805327441756,15,3,293
150859313,OTHER OFFENSES,FRAUDULENTGAMEORTRICK OBTAININGMONEYORPROPERTY,PARK,NONE,-122.449371070837,37.7568574661477,12,6,114
130654531,OTHER OFFENSES,RESTRAININGORDERNOTIFICATIONSERVICEOFRESTRAININGORDER,PARK,NONE,-122.446143672039,37.7700527182372,17,4,219
140437822,SUSPICIOUS OCC,SUSPICIOUSPERSON,PARK,NONE,-122.446234261409,37.7662094878819,15,3,119
60885927,SUSPICIOUS OCC,SUSPICIOUSPERSON,PARK,NONE,-122.442946750803,37.7752938920622,18,1,232
150039333,SUSPICIOUS OCC,SUSPICIOUSPERSON,PARK,NONE,-122.438928631199,37.7805874490401,0,3,13
80293059,SECONDARY CODES,ATMRELATEDCRIME,PARK,NONE,-122.458220811697,37.7633123961354,10,2,77
100399494,SECONDARY CODES,ATMRELATEDCRIME,PARK,NONE,-122.439142054187,37.7810486874604,12,5,119
170315931,SECONDARY CODES,JUVENILEINVOLVED,PARK,NONE,-122.44932864821881,37.76777388747475,14,2,107
130464277,SECONDARY CODES,JUVENILEINVOLVED,PARK,ACTION,-122.439511839817,37.7828715210316,17,4,156
170715052,SECONDARY CODES,JUVENILEINVOLVED,PARK,NONE,-122.44139370111428,37.77172731417711,10,6,244
30053370,STOLEN PROPERTY,RECEIVINGSTOLENPROPERTY,PARK,ACTION,-122.451678102589,37.7684443887858,9,3,14
130600095,STOLEN PROPERTY,STOLENCHECKS POSSESSION,PARK,ACTION,-122.440341074545,37.7833242481047,11,1,202
130785506,STOLEN PROPERTY,STOLENPROPERTY POSSESSIONWITHKNOWLEDGE RECEIVING,PARK,ACTION,-122.443702229626,37.7790364907575,20,3,260
40301119,DISORDERLY CONDUCT,DISTURBINGTHEPEACE,PARK,NONE,-122.445630633673,37.7758527958728,21,1,74
70654825,DISORDERLY CONDUCT,DISTURBINGTHEPEACE,PARK,NONE,-122.443597047511,37.7826435280939,18,5,179
110142750,DISORDERLY CONDUCT,DISTURBINGTHEPEACE,PARK,NONE,-122.444432207954,37.7746354223627,0,5,48
30591609,DISORDERLY CONDUCT,DISTURBINGTHEPEACE,PARK,ACTION,-122.444502333693,37.7702619702403,17,4,134
60059859,DISORDERLY CONDUCT,COMMITTINGPUBLICNUISANCE,PARK,ACTION,-122.446958139957,37.770471000679,15,2,16
80460270,DISORDERLY CONDUCT,COMMITTINGPUBLICNUISANCE,PARK,ACTION,-122.443311949602,37.7704697548539,14,6,123
51143986,DISORDERLY CONDUCT,COMMITTINGPUBLICNUISANCE,PARK,ACTION,-122.458778713748,37.76483812796,15,2,283
160728491,DISORDERLY CONDUCT,MAINTAININGAPUBLICNUISANCE,PARK,ACTION,-122.45131444779688,37.769504606616245,5,5,252
130608237,DISORDERLY CONDUCT,MAINTAININGAPUBLICNUISANCE,PARK,ACTION,-122.443194351845,37.7665428336293,8,4,205
120099599,DISORDERLY CONDUCT,MAINTAININGAPUBLICNUISANCEAFTERNOTIFICATION,PARK,NONE,-122.446483988175,37.7501301863303,2,1,36
50354619,DISORDERLY CONDUCT,MAINTAININGAPUBLICNUISANCEAFTERNOTIFICATION,PARK,ACTION,-122.450709919118,37.7695262270744,2,5,90
50231631,FORGERY/COUNTERFEITING,CHECKS FORGERYFELONY,PARK,ACTION,-122.451428455396,37.7712992966324,15,2,59
31111759,FORGERY/COUNTERFEITING,CHECKS FORGERYFELONY,PARK,ACTION,-122.43782276166,37.7745216483936,15,7,263
90752904,FORGERY/COUNTERFEITING,MONEY CHANGINGFACEAMOUNT,PARK,ACTION,-122.437780560713,37.7754834563836,17,5,204
80118463,FORGERY/COUNTERFEITING,MONEY CHANGINGFACEAMOUNT,PARK,ACTION,-122.43852789956,37.7792166409805,14,1,34
60505589,FORGERY/COUNTERFEITING,CHECKS MAKEORPASSFICTITIOUS,PARK,ACTION,-122.450121767237,37.7600409603507,12,3,115
40908345,FORGERY/COUNTERFEITING,CHECKS MAKEORPASSFICTITIOUS,PARK,NONE,-122.447904554135,37.7751421104171,12,4,217
90852009,FORGERY/COUNTERFEITING,COUNTERFEITING COINSORNOTES,PARK,NONE,-122.448425806281,37.7646074544708,12,5,218
90273455,FORGERY/COUNTERFEITING,FORGERY DRIVERSLICENSEORIDCARD,PARK,ACTION,-122.445478404655,37.7811126214429,2,7,73
151008266,FORGERY/COUNTERFEITING,FORGERY DRIVERSLICENSEORIDCARD,PARK,ACTION,-122.446612978839,37.7822458223917,13,5,323
91064831,FORGERY/COUNTERFEITING,FORGERY DRIVERSLICENSEORIDCARD,PARK,NONE,-122.452896022151,37.7701501507955,14,4,280
70878081,FORGERY/COUNTERFEITING,CHECKS POSSESSIONWITHINTENTTOPASS,PARK,NONE,-122.43294024481,37.7718450016424,12,2,183
80955986,"SEX OFFENSES, FORCIBLE",SEXUALBATTERY,PARK,ACTION,-122.44350785839,37.7780892579027,23,2,252
81109500,"SEX OFFENSES, FORCIBLE",ORALCOPULATION,PARK,ACTION,-122.434631237377,37.7802343955112,0,5,290
41361392,"SEX OFFENSES, FORCIBLE",CHILDABUSESEXUAL,PARK,ACTION,-122.450176550463,37.7734724813862,16,4,210
170191850,"SEX OFFENSES, FORCIBLE",CHILDABUSE PORNOGRAPHY,PARK,ACTION,-122.43328604491172,37.76545696896619,18,3,122
160039210,"SEX OFFENSES, FORCIBLE",FORCIBLERAPE BODILYFORCE,PARK,NONE,-122.44944537444603,37.7466596250717,16,3,12
130543439,"SEX OFFENSES, FORCIBLE",FORCIBLERAPE BODILYFORCE,PARK,NONE,-122.457507583541,37.7711332354432,14,7,180
110907504,"SEX OFFENSES, FORCIBLE",ATTEMPTEDRAPE BODILYFORCE,PARK,NONE,-122.46331160715,37.7592202975893,15,2,213
160874408,DRIVING UNDER THE INFLUENCE,DRIVINGWHILEUNDERTHEINFLUENCEOFDRUGS,PARK,NONE,-122.43357509728241,37.769176747627725,4,5,301
140665697,DRIVING UNDER THE INFLUENCE,DRIVINGWHILEUNDERTHEINFLUENCEOFDRUGS,PARK,ACTION,-122.448491291265,37.7584127304774,3,1,222
81096305,DRIVING UNDER THE INFLUENCE,DRIVINGWHILEUNDERTHEINFLUENCEOFALCOHOL,PARK,ACTION,-122.454403066889,37.7738178294781,3,3,288
120681942,DRIVING UNDER THE INFLUENCE,DRIVINGWHILEUNDERTHEINFLUENCEOFALCOHOL,PARK,ACTION,-122.435287518279,37.7645185041665,1,2,240
50068519,DRIVING UNDER THE INFLUENCE,DRIVINGWHILEUNDERTHEINFLUENCEOFALCOHOL,PARK,ACTION,-122.439480772215,37.7833088100623,20,3,18
110019397,DRIVING UNDER THE INFLUENCE,DRIVINGWHILEUNDERTHEINFLUENCEOFALCOHOL,PARK,ACTION,-122.450527489357,37.7648254388589,0,6,7
100878056,DRIVING UNDER THE INFLUENCE,DRIVINGWHILEUNDERTHEINFLUENCEOFALCOHOL,PARK,ACTION,-122.436574715191,37.7700053255897,23,3,264
